from_stage,from_bucket,to_stage,to_bucket,count
RiskSource,autonomous_system,Risk,ai_safety_failure,177
RiskSource,deepfake_ncii,Risk,malicious_misuse,176
RiskSource,bias_discrimination,Risk,discrimination_toxicity,143
RiskSource,hallucination,Risk,misinformation,120
RiskSource,fraud_abuse,Risk,malicious_misuse,107
RiskSource,other,Risk,ai_safety_failure,106
RiskSource,facial_recognition,Risk,privacy_security,105
RiskSource,content_moderation,Risk,discrimination_toxicity,85
RiskSource,voice_clone,Risk,malicious_misuse,73
RiskSource,training_data,Risk,socioeconomic_environmental,66
RiskSource,training_data,Risk,privacy_security,64
RiskSource,facial_recognition,Risk,discrimination_toxicity,56
RiskSource,other,Risk,privacy_security,56
RiskSource,other,Risk,malicious_misuse,46
RiskSource,content_moderation,Risk,misinformation,45
RiskSource,other,Risk,misinformation,39
RiskSource,bias_discrimination,Risk,ai_safety_failure,38
RiskSource,other,Risk,discrimination_toxicity,36
RiskSource,autonomous_system,Risk,hci,35
RiskSource,other,Risk,socioeconomic_environmental,33
RiskSource,facial_recognition,Risk,malicious_misuse,33
RiskSource,facial_recognition,Risk,ai_safety_failure,32
RiskSource,content_moderation,Risk,malicious_misuse,30
RiskSource,hallucination,Risk,ai_safety_failure,25
RiskSource,deepfake_ncii,Risk,misinformation,24
RiskSource,content_moderation,Risk,ai_safety_failure,20
RiskSource,deepfake_ncii,Risk,discrimination_toxicity,18
RiskSource,training_data,Risk,discrimination_toxicity,18
RiskSource,training_data,Risk,malicious_misuse,17
RiskSource,other,Risk,hci,15
RiskSource,fraud_abuse,Risk,misinformation,13
RiskSource,training_data,Risk,ai_safety_failure,12
RiskSource,bias_discrimination,Risk,misinformation,9
RiskSource,hallucination,Risk,discrimination_toxicity,9
RiskSource,bias_discrimination,Risk,hci,8
RiskSource,content_moderation,Risk,hci,8
RiskSource,training_data,Risk,misinformation,8
RiskSource,fraud_abuse,Risk,hci,7
RiskSource,fraud_abuse,Risk,ai_safety_failure,7
RiskSource,fraud_abuse,Risk,privacy_security,7
RiskSource,autonomous_system,Risk,privacy_security,7
RiskSource,fraud_abuse,Risk,socioeconomic_environmental,7
RiskSource,voice_clone,Risk,privacy_security,6
RiskSource,hallucination,Risk,hci,6
RiskSource,autonomous_system,Risk,malicious_misuse,6
RiskSource,fraud_abuse,Risk,discrimination_toxicity,6
RiskSource,bias_discrimination,Risk,socioeconomic_environmental,6
RiskSource,deepfake_ncii,Risk,privacy_security,5
RiskSource,content_moderation,Risk,privacy_security,5
RiskSource,voice_clone,Risk,socioeconomic_environmental,4
RiskSource,voice_clone,Risk,ai_safety_failure,3
RiskSource,autonomous_system,Risk,socioeconomic_environmental,3
RiskSource,bias_discrimination,Risk,privacy_security,3
RiskSource,voice_clone,Risk,misinformation,3
RiskSource,content_moderation,Risk,socioeconomic_environmental,3
RiskSource,hallucination,Risk,malicious_misuse,2
RiskSource,facial_recognition,Risk,hci,2
RiskSource,facial_recognition,Risk,socioeconomic_environmental,1
RiskSource,voice_clone,Risk,discrimination_toxicity,1
RiskSource,hallucination,Risk,socioeconomic_environmental,1
RiskSource,voice_clone,Risk,hci,1
RiskSource,training_data,Risk,hci,1
RiskSource,bias_discrimination,Risk,malicious_misuse,1
Risk,ai_safety_failure,Consequence,physical_harm,181
Risk,privacy_security,Consequence,privacy_violation,167
Risk,misinformation,Consequence,misinformation_spread,160
Risk,discrimination_toxicity,Consequence,discrimination,127
Risk,malicious_misuse,Consequence,misinformation_spread,115
Risk,malicious_misuse,Consequence,privacy_violation,105
Risk,ai_safety_failure,Consequence,other,95
Risk,malicious_misuse,Consequence,financial_loss,89
Risk,socioeconomic_environmental,Consequence,ip_infringement,60
Risk,discrimination_toxicity,Consequence,other,57
Risk,malicious_misuse,Consequence,other,49
Risk,discrimination_toxicity,Consequence,social_division,41
Risk,malicious_misuse,Consequence,security_breach,35
Risk,discrimination_toxicity,Consequence,psychological_harm,33
Risk,hci,Consequence,physical_harm,31
Risk,discrimination_toxicity,Consequence,legal_violation,30
Risk,privacy_security,Consequence,legal_violation,30
Risk,misinformation,Consequence,reputational_damage,28
Risk,malicious_misuse,Consequence,democratic_harm,28
Risk,discrimination_toxicity,Consequence,privacy_violation,27
Risk,misinformation,Consequence,other,27
Risk,privacy_security,Consequence,security_breach,27
Risk,ai_safety_failure,Consequence,legal_violation,26
Risk,ai_safety_failure,Consequence,sector_harm,25
Risk,ai_safety_failure,Consequence,financial_loss,23
Risk,ai_safety_failure,Consequence,discrimination,20
Risk,discrimination_toxicity,Consequence,misinformation_spread,17
Risk,malicious_misuse,Consequence,reputational_damage,16
Risk,socioeconomic_environmental,Consequence,other,16
Risk,malicious_misuse,Consequence,legal_violation,16
Risk,hci,Consequence,other,16
Risk,ai_safety_failure,Consequence,security_breach,14
Risk,ai_safety_failure,Consequence,psychological_harm,14
Risk,malicious_misuse,Consequence,psychological_harm,14
Risk,privacy_security,Consequence,other,12
Risk,socioeconomic_environmental,Consequence,financial_loss,12
Risk,misinformation,Consequence,legal_violation,12
Risk,discrimination_toxicity,Consequence,reputational_damage,12
Risk,ai_safety_failure,Consequence,misinformation_spread,11
Risk,discrimination_toxicity,Consequence,physical_harm,11
Risk,discrimination_toxicity,Consequence,sector_harm,11
Risk,malicious_misuse,Consequence,physical_harm,10
Risk,malicious_misuse,Consequence,ip_infringement,10
Risk,misinformation,Consequence,democratic_harm,9
Risk,hci,Consequence,psychological_harm,9
Risk,socioeconomic_environmental,Consequence,legal_violation,8
Risk,privacy_security,Consequence,financial_loss,8
Risk,socioeconomic_environmental,Consequence,sector_harm,8
Risk,misinformation,Consequence,social_division,8
Risk,ai_safety_failure,Consequence,reputational_damage,7
Risk,misinformation,Consequence,ip_infringement,6
Risk,socioeconomic_environmental,Consequence,reputational_damage,6
Risk,misinformation,Consequence,sector_harm,6
Risk,hci,Consequence,sector_harm,6
Risk,privacy_security,Consequence,ip_infringement,6
Risk,hci,Consequence,legal_violation,5
Risk,malicious_misuse,Consequence,sector_harm,5
Risk,hci,Consequence,financial_loss,4
Risk,discrimination_toxicity,Consequence,financial_loss,4
Risk,hci,Consequence,discrimination,4
Risk,socioeconomic_environmental,Consequence,misinformation_spread,4
Risk,socioeconomic_environmental,Consequence,social_division,3
Risk,misinformation,Consequence,financial_loss,3
Risk,privacy_security,Consequence,reputational_damage,3
Risk,socioeconomic_environmental,Consequence,privacy_violation,3
Risk,misinformation,Consequence,privacy_violation,3
Risk,hci,Consequence,reputational_damage,2
Risk,discrimination_toxicity,Consequence,ip_infringement,2
Risk,socioeconomic_environmental,Consequence,psychological_harm,2
Risk,privacy_security,Consequence,sector_harm,2
Risk,privacy_security,Consequence,physical_harm,2
Risk,ai_safety_failure,Consequence,social_division,2
Risk,privacy_security,Consequence,discrimination,2
Risk,ai_safety_failure,Consequence,privacy_violation,2
Risk,hci,Consequence,privacy_violation,2
Risk,hci,Consequence,misinformation_spread,2
Risk,discrimination_toxicity,Consequence,security_breach,2
Risk,privacy_security,Consequence,misinformation_spread,2
Risk,ai_safety_failure,Consequence,ip_infringement,1
Risk,malicious_misuse,Consequence,discrimination,1
Risk,socioeconomic_environmental,Consequence,security_breach,1
Risk,misinformation,Consequence,psychological_harm,1
Risk,hci,Consequence,ip_infringement,1
Risk,socioeconomic_environmental,Consequence,discrimination,1
Risk,malicious_misuse,Consequence,social_division,1
Risk,ai_safety_failure,Consequence,democratic_harm,1
Consequence,physical_harm,Impact,safety_security_risk,178
Consequence,privacy_violation,Impact,individual_sustained,175
Consequence,misinformation_spread,Impact,trust_erosion,105
Consequence,discrimination,Impact,individual_sustained,82
Consequence,financial_loss,Impact,individual_sustained,72
Consequence,other,Impact,individual_sustained,71
Consequence,misinformation_spread,Impact,individual_sustained,59
Consequence,legal_violation,Impact,individual_sustained,58
Consequence,misinformation_spread,Impact,democratic_erosion,55
Consequence,other,Impact,safety_security_risk,48
Consequence,security_breach,Impact,safety_security_risk,47
Consequence,ip_infringement,Impact,market_industry,44
Consequence,financial_loss,Impact,market_industry,44
Consequence,psychological_harm,Impact,individual_sustained,38
Consequence,reputational_damage,Impact,individual_sustained,33
Consequence,privacy_violation,Impact,regulatory_response,33
Consequence,democratic_harm,Impact,democratic_erosion,31
Consequence,privacy_violation,Impact,trust_erosion,30
Consequence,sector_harm,Impact,individual_sustained,30
Consequence,other,Impact,trust_erosion,28
Consequence,other,Impact,market_industry,27
Consequence,discrimination,Impact,social_norm_shift,27
Consequence,misinformation_spread,Impact,public_discourse,27
Consequence,misinformation_spread,Impact,social_norm_shift,23
Consequence,reputational_damage,Impact,trust_erosion,23
Consequence,social_division,Impact,social_norm_shift,23
Consequence,other,Impact,other,22
Consequence,privacy_violation,Impact,developmental_harm,21
Consequence,ip_infringement,Impact,individual_sustained,21
Consequence,other,Impact,democratic_erosion,20
Consequence,social_division,Impact,trust_erosion,19
Consequence,legal_violation,Impact,regulatory_response,19
Consequence,physical_harm,Impact,individual_sustained,19
Consequence,other,Impact,developmental_harm,19
Consequence,security_breach,Impact,individual_sustained,18
Consequence,psychological_harm,Impact,developmental_harm,16
Consequence,privacy_violation,Impact,social_norm_shift,15
Consequence,physical_harm,Impact,other,14
Consequence,misinformation_spread,Impact,safety_security_risk,12
Consequence,misinformation_spread,Impact,market_industry,12
Consequence,legal_violation,Impact,trust_erosion,12
Consequence,other,Impact,regulatory_response,12
Consequence,legal_violation,Impact,market_industry,12
Consequence,other,Impact,social_norm_shift,12
Consequence,privacy_violation,Impact,democratic_erosion,11
Consequence,sector_harm,Impact,safety_security_risk,11
Consequence,reputational_damage,Impact,market_industry,10
Consequence,financial_loss,Impact,safety_security_risk,10
Consequence,ip_infringement,Impact,trust_erosion,9
Consequence,psychological_harm,Impact,trust_erosion,9
Consequence,financial_loss,Impact,trust_erosion,9
Consequence,discrimination,Impact,trust_erosion,9
Consequence,privacy_violation,Impact,safety_security_risk,9
Consequence,ip_infringement,Impact,regulatory_response,8
Consequence,discrimination,Impact,democratic_erosion,8
Consequence,other,Impact,public_discourse,8
Consequence,physical_harm,Impact,developmental_harm,8
Consequence,sector_harm,Impact,developmental_harm,8
Consequence,privacy_violation,Impact,market_industry,8
Consequence,discrimination,Impact,regulatory_response,7
Consequence,physical_harm,Impact,regulatory_response,7
Consequence,security_breach,Impact,market_industry,7
Consequence,financial_loss,Impact,other,7
Consequence,misinformation_spread,Impact,other,6
Consequence,legal_violation,Impact,democratic_erosion,6
Consequence,sector_harm,Impact,market_industry,6
Consequence,discrimination,Impact,market_industry,6
Consequence,misinformation_spread,Impact,regulatory_response,5
Consequence,legal_violation,Impact,developmental_harm,5
Consequence,discrimination,Impact,developmental_harm,5
Consequence,misinformation_spread,Impact,developmental_harm,5
Consequence,discrimination,Impact,safety_security_risk,5
Consequence,other,Impact,ai_development,5
Consequence,physical_harm,Impact,trust_erosion,5
Consequence,legal_violation,Impact,social_norm_shift,4
Consequence,legal_violation,Impact,other,4
Consequence,legal_violation,Impact,safety_security_risk,4
Consequence,discrimination,Impact,public_discourse,4
Consequence,privacy_violation,Impact,other,3
Consequence,democratic_harm,Impact,public_discourse,3
Consequence,social_division,Impact,democratic_erosion,3
Consequence,sector_harm,Impact,social_norm_shift,3
Consequence,security_breach,Impact,trust_erosion,3
Consequence,ip_infringement,Impact,ai_development,3
Consequence,psychological_harm,Impact,social_norm_shift,3
Consequence,social_division,Impact,safety_security_risk,3
Consequence,social_division,Impact,market_industry,2
Consequence,misinformation_spread,Impact,ai_development,2
Consequence,legal_violation,Impact,public_discourse,2
Consequence,psychological_harm,Impact,other,2
Consequence,psychological_harm,Impact,safety_security_risk,2
Consequence,reputational_damage,Impact,public_discourse,2
Consequence,sector_harm,Impact,regulatory_response,2
Consequence,reputational_damage,Impact,regulatory_response,2
Consequence,social_division,Impact,individual_sustained,2
Consequence,democratic_harm,Impact,trust_erosion,2
Consequence,psychological_harm,Impact,public_discourse,2
Consequence,physical_harm,Impact,social_norm_shift,2
Consequence,discrimination,Impact,other,2
Consequence,privacy_violation,Impact,public_discourse,2
Consequence,physical_harm,Impact,market_industry,2
Consequence,sector_harm,Impact,trust_erosion,2
Consequence,security_breach,Impact,democratic_erosion,1
Consequence,ip_infringement,Impact,other,1
Consequence,social_division,Impact,regulatory_response,1
Consequence,psychological_harm,Impact,democratic_erosion,1
Consequence,security_breach,Impact,developmental_harm,1
Consequence,reputational_damage,Impact,ai_development,1
Consequence,reputational_damage,Impact,other,1
Consequence,social_division,Impact,other,1
Consequence,financial_loss,Impact,regulatory_response,1
Consequence,democratic_harm,Impact,individual_sustained,1
Consequence,reputational_damage,Impact,democratic_erosion,1
Consequence,democratic_harm,Impact,other,1
Consequence,security_breach,Impact,other,1
Consequence,sector_harm,Impact,other,1
Consequence,reputational_damage,Impact,social_norm_shift,1
Consequence,legal_violation,Impact,ai_development,1
Consequence,social_division,Impact,public_discourse,1
Consequence,security_breach,Impact,social_norm_shift,1
Consequence,privacy_violation,Impact,ai_development,1
Impact,individual_sustained,AffectedActor,other,319
Impact,individual_sustained,AffectedActor,consumers_users,138
Impact,safety_security_risk,AffectedActor,other,101
Impact,safety_security_risk,AffectedActor,consumers_users,83
Impact,trust_erosion,AffectedActor,consumers_users,82
Impact,safety_security_risk,AffectedActor,general_public,74
Impact,individual_sustained,AffectedActor,general_public,70
Impact,trust_erosion,AffectedActor,other,67
Impact,market_industry,AffectedActor,other,65
Impact,democratic_erosion,AffectedActor,general_public,58
Impact,trust_erosion,AffectedActor,general_public,53
Impact,developmental_harm,AffectedActor,children_students,46
Impact,democratic_erosion,AffectedActor,other,41
Impact,market_industry,AffectedActor,companies,39
Impact,individual_sustained,AffectedActor,minorities,35
Impact,social_norm_shift,AffectedActor,other,35
Impact,individual_sustained,AffectedActor,children_students,34
Impact,developmental_harm,AffectedActor,other,31
Impact,market_industry,AffectedActor,media,30
Impact,market_industry,AffectedActor,consumers_users,29
Impact,regulatory_response,AffectedActor,consumers_users,29
Impact,regulatory_response,AffectedActor,other,28
Impact,social_norm_shift,AffectedActor,consumers_users,28
Impact,other,AffectedActor,consumers_users,22
Impact,safety_security_risk,AffectedActor,companies,22
Impact,safety_security_risk,AffectedActor,government,21
Impact,individual_sustained,AffectedActor,women,19
Impact,trust_erosion,AffectedActor,media,19
Impact,individual_sustained,AffectedActor,companies,19
Impact,social_norm_shift,AffectedActor,general_public,18
Impact,public_discourse,AffectedActor,general_public,17
Impact,individual_sustained,AffectedActor,media,17
Impact,individual_sustained,AffectedActor,patients_health,16
Impact,trust_erosion,AffectedActor,companies,16
Impact,social_norm_shift,AffectedActor,minorities,16
Impact,regulatory_response,AffectedActor,general_public,15
Impact,public_discourse,AffectedActor,other,15
Impact,other,AffectedActor,other,15
Impact,safety_security_risk,AffectedActor,patients_health,15
Impact,democratic_erosion,AffectedActor,government,13
Impact,other,AffectedActor,general_public,11
Impact,individual_sustained,AffectedActor,government,11
Impact,trust_erosion,AffectedActor,minorities,10
Impact,social_norm_shift,AffectedActor,children_students,10
Impact,democratic_erosion,AffectedActor,media,9
Impact,trust_erosion,AffectedActor,government,8
Impact,public_discourse,AffectedActor,consumers_users,8
Impact,regulatory_response,AffectedActor,companies,7
Impact,safety_security_risk,AffectedActor,children_students,7
Impact,democratic_erosion,AffectedActor,minorities,7
Impact,other,AffectedActor,companies,6
Impact,trust_erosion,AffectedActor,children_students,6
Impact,regulatory_response,AffectedActor,media,6
Impact,democratic_erosion,AffectedActor,consumers_users,6
Impact,developmental_harm,AffectedActor,consumers_users,6
Impact,market_industry,AffectedActor,general_public,6
Impact,ai_development,AffectedActor,consumers_users,5
Impact,regulatory_response,AffectedActor,government,5
Impact,other,AffectedActor,government,5
Impact,regulatory_response,AffectedActor,children_students,5
Impact,market_industry,AffectedActor,children_students,5
Impact,social_norm_shift,AffectedActor,women,5
Impact,public_discourse,AffectedActor,media,4
Impact,public_discourse,AffectedActor,minorities,4
Impact,market_industry,AffectedActor,government,3
Impact,trust_erosion,AffectedActor,patients_health,3
Impact,ai_development,AffectedActor,companies,3
Impact,other,AffectedActor,children_students,3
Impact,safety_security_risk,AffectedActor,minorities,3
Impact,ai_development,AffectedActor,other,3
Impact,social_norm_shift,AffectedActor,media,2
Impact,other,AffectedActor,media,2
Impact,regulatory_response,AffectedActor,women,2
Impact,developmental_harm,AffectedActor,general_public,2
Impact,democratic_erosion,AffectedActor,women,1
Impact,democratic_erosion,AffectedActor,children_students,1
Impact,market_industry,AffectedActor,minorities,1
Impact,developmental_harm,AffectedActor,women,1
Impact,ai_development,AffectedActor,minorities,1
Impact,developmental_harm,AffectedActor,government,1
Impact,public_discourse,AffectedActor,government,1
Impact,developmental_harm,AffectedActor,patients_health,1
Impact,public_discourse,AffectedActor,patients_health,1
Impact,other,AffectedActor,women,1
Impact,other,AffectedActor,minorities,1
Impact,democratic_erosion,AffectedActor,companies,1
Impact,market_industry,AffectedActor,women,1
Impact,market_industry,AffectedActor,patients_health,1
Impact,ai_development,AffectedActor,media,1
